road,hour,congestion
R3,16,0.1269648970686147
R3,19,1.0
R2,22,0.20093505789045657
R2,21,0.24843562647266215
R3,3,0.48538305038415175
R3,1,0.3794422627786668
R1,13,0.2103186212845592
R1,9,0.6103052573926
R3,14,0.3551007213454861
R3,3,0.43327116661337317
R2,15,0.45461442735210844
R1,23,0.24857569602160204
R3,11,0.2578528686196456
R2,11,0.2474290644588728
R1,22,0.47229878238323775
R2,14,0.356116297447037
R3,23,0.3472515273120089
R1,17,0.9290720102111101
R1,18,0.8400846504295785
R1,5,0.16026073329249116
R3,23,0.2042484406060161
R2,0,0.19343326174132427
R3,12,0.4143661090682075
R2,22,0.35327019696242634
R1,12,0.14097849196297563
R3,3,0.42216648117571254
R1,14,0.19815283802527628
R2,5,0.270711664456864
R3,19,0.9904899309767019
R1,3,0.28169462224237474
R2,23,0.1364201406190497
R2,7,0.4455424991451239
R2,21,0.1484084973407645
R3,11,0.23765022603163188
R2,16,0.16813138345085038
R2,20,0.9855239380651832
R2,21,0.3144793900669952
R3,21,0.1715580058737273
R1,22,0.22399695470742126
R3,4,0.1281116397544856
R1,20,0.7893215648746311
R2,10,0.9755309430177922
R2,20,0.6862460710242473
R1,1,0.19651863743149703
R2,22,0.36049548586216407
R1,20,0.6163621897025587
R3,23,0.30439130034040063
R2,10,0.6074265208834048
R1,4,0.43260855295781253
R2,6,0.2996358919548574
R3,4,0.36262086432140206
R1,20,0.8017216246224457
R2,7,0.44727650769260496
R2,12,0.32777125119056405
R2,15,0.14491753193096366
R1,21,0.2287374881103571
R1,7,0.36477797052656735
R3,18,0.868948765414367
R1,14,0.3651655218205049
R3,15,0.2210471267136482
R3,1,0.2281621260465454
R2,5,0.4596914035385419
R1,23,0.31703876220487914
R2,0,0.1813702410706645
R1,0,0.18055394367443173
R2,19,0.7772368403576847
R1,22,0.12415132990255456
R2,16,0.34541579158265723
R1,18,0.8739896478515614
R3,5,0.19355191305399835
R3,10,0.8140288143228223
R3,23,0.2894692514877434
R2,18,0.708318227952613
R2,12,0.40277861990799024
R3,13,0.18720937259434633
R2,1,0.3132003748213246
R2,20,0.731699134865914
R1,17,0.7944859650904975
R1,2,0.23007846419714567
R2,3,0.17005003856337458
R1,20,0.9926067399573277
R1,20,0.7397148305897034
R2,13,0.22457421536501118
R3,0,0.4025138209697193
R1,11,0.15989505155248127
R1,0,0.2936812548841313
R1,17,0.8994346818755798
R2,0,0.4910066607630229
R2,5,0.1711164732244747
R3,10,0.7295368828355441
R1,8,0.6288695389655843
R2,11,0.19051210380314665
R1,23,0.4655988573779416
R1,20,0.7191019771766709
R3,13,0.2519773272887032
R2,5,0.14961704034696874
R3,13,0.25212989077430314
R3,8,0.7994176874836572
R3,4,0.30171952453106027
R1,22,0.26785747382898795
R3,12,0.2035521937838548
R3,8,0.9444354633289948
R3,17,1.0
R3,16,0.25941590022556005
R2,6,0.12645253283080696
R1,9,0.9223790579930699
R2,0,0.4557134074303747
R1,20,0.6159998458364555
R1,8,0.7944531296745861
R3,9,1.0
R2,19,0.6022669664953744
R2,17,0.9251273832632964
R3,3,0.4432983041207551
R3,1,0.12982848212718925
R1,12,0.2649056467419435
R1,16,0.43263293238472045
R2,12,0.2839299857486821
R3,2,0.35279350224603523
R1,0,0.36114418593756237
R1,2,0.3523771437512232
R3,4,0.13518295482944842
R3,17,0.8168070613508285
R3,0,0.10458438599087057
R1,15,0.2530327548971626
R2,13,0.2538817027382593
R1,11,0.45212716534951747
R2,1,0.19767687358628563
R1,4,0.34752562789662134
R1,16,0.1940153671190215
R3,22,0.18377503975774323
R2,11,0.30314845419210334
R3,9,0.8246305063699845
R3,16,0.19165504105527417
R2,21,0.2056465245632143
R1,15,0.2180884974027904
R3,15,0.4262913033264779
R1,1,0.17474809583174472
R1,5,0.3566151496238936
R1,8,0.6834717493006152
R2,10,0.617356123815347
R3,9,0.6880744753094868
R3,0,0.365309662428429
R2,10,0.656394106975642
R1,21,0.31615606598827917
R2,6,0.3685622953437734
R3,18,0.8928239082590611
R2,18,0.6811559171969542
R3,4,0.28873149018545574
R3,4,0.488191985209283
R2,13,0.3514387186924025
R1,18,0.9500719578047176
R1,23,0.1420044172943757
R1,4,0.14907303349987747
R1,17,0.761437623016149
R2,14,0.3222070457941961
R3,5,0.4105942706110042
R2,11,0.2208081831318292
R1,17,0.784658477380026
R1,21,0.20664614001236684
R3,18,0.7376395453227785
R1,11,0.1319634288003484
R1,8,0.867679775082804
R1,21,0.3557942683165016
R1,5,0.3502057428398925
R2,12,0.17985276461109803
R2,10,0.8696650049249925
R1,21,0.31665422501576945
R3,19,0.9394210516334571
R1,8,0.6507914875315649
R1,2,0.13291617879037748
R1,2,0.14116454599087366
R2,2,0.27322560780844507
R2,21,0.3586300249412214
R1,18,0.9028690051859545
R1,21,0.4135575491227006
R2,7,0.2668768385176956
R3,15,0.21666260045274438
R2,1,0.1572302944578751
R3,17,0.9719956514933445
R1,12,0.24466089014950063
R1,5,0.3766512670487655
R3,19,0.7497137776477641
R1,18,0.7496204950765388
R2,21,0.280372838239271
R1,18,0.6364694057046044
R3,13,0.2769468428942663
R2,3,0.3963406537498547
R2,14,0.4280536148231233
R2,15,0.34819449015122184
R2,13,0.38392062263514315
R3,13,0.3320866028942451
R1,15,0.40822048862282745
R1,20,0.9653221525408028
R1,16,0.1630753924148897
R1,14,0.4858690527151063
R1,1,0.4587137665742024
R2,0,0.16469625347240058
R1,22,0.22767889774297687
R1,7,0.41763617905733974
R3,9,1.0
R2,23,0.4413110394535237
R1,17,0.7118154776323873
R2,2,0.17596865761458683
R2,11,0.28296782777030705
R1,4,0.4370676716929075
R1,13,0.48551485949711515
R2,5,0.4733018690731664
R2,12,0.16090287293956496
R2,14,0.15219313614992372
R3,17,0.6784295901888729
R1,4,0.1201711056720491
R3,21,0.13904096217959638
R3,4,0.39764595591565355
R1,7,0.3943625565453419
R2,11,0.14273372320411026
R3,17,0.7418701381118339
R1,10,0.8539300187642229
R2,14,0.3565706050952048
R3,0,0.12673855345825433
R3,2,0.30827650582380306
R1,13,0.2804494757267648
R1,16,0.43919148885694426
R3,11,0.47871898660782664
R1,9,0.7503325539516167
R2,20,0.942099574657869
R1,3,0.49911703420311027
R2,0,0.23216045672820382
R2,15,0.397505477253032
R1,12,0.15411756267629495
R2,5,0.38157225465789035
R1,3,0.24877842980546705
R2,10,0.8532906703964481
R2,12,0.4644149078814209
R3,14,0.275274176398807
R2,8,0.655789128118628
R1,13,0.3104953263636995
R2,4,0.21829555892936395
R2,7,0.2362219766366268
R2,20,0.681537149346717
R1,15,0.40315364979957746
R2,11,0.22744813127726832
R3,9,0.7749808466137112
R3,9,0.7439376343332466
R2,13,0.3082561782905976
R1,1,0.24589004405716378
R2,11,0.1143850280477738
R2,19,0.9198716921772465
R3,7,0.1390610770434107
R2,16,0.4058944035075652
R3,12,0.3771790370494401
R3,21,0.33012964823970803
R2,19,0.9833345617825581
R2,10,0.8102197547022357
R2,4,0.48279203861039366
R3,2,0.44389854830559283
R3,8,0.8240458768739708
R2,16,0.4648425608445571
R3,17,0.8761885373473526
R3,2,0.33551679886557007
R2,19,0.9706501139927926
R1,9,0.7712868316266002
R3,11,0.3837233694336556
R2,22,0.4705592321380191
R3,23,0.1880995519354084
R2,2,0.1697345654841531
R1,5,0.20145551787917546
R1,4,0.11023084444550078
R3,4,0.35943304393666187
R1,18,0.6390235315753892
R3,21,0.4849877687196562
R2,4,0.43557899810691036
R3,15,0.16244495253332392
R2,11,0.3110652401593733
R1,5,0.188521943261032
R3,12,0.44040741340342904
R2,20,0.6216972751780515
R3,13,0.3376111818641646
R3,7,0.3273359096043409
R1,13,0.31836627942435447
R3,17,0.9839794069140354
R2,4,0.3095342975549489
R3,9,0.9482592817264621
R3,7,0.3150447194828063
R2,6,0.3017257930604088
R3,22,0.44892075637723494
R2,16,0.1442639197736315
R1,17,0.8919146493287538
R2,13,0.14899587681583057
R2,14,0.4841795568072371
R3,19,0.7148481741917575
R3,20,0.8414421928538534
R1,4,0.15212965233217793
R2,19,0.8994300980793143
R2,19,0.7694142457131751
R3,14,0.2597928852947381
R3,3,0.25677496155873875
R3,23,0.2915199261283189
R2,12,0.49856059500929395
R2,6,0.3903606712740183
R3,14,0.13887771893586934
R2,19,0.9011860947646735
R1,12,0.16891069683138127
R3,5,0.11517580389321874
R1,14,0.1550255260389155
R1,14,0.11438567346800861
R2,21,0.4194449386262463
R2,3,0.2942942165365081
R2,9,0.7971467112535087
R1,8,0.6948679590951957
R3,17,0.9050681322397786
R3,23,0.4725856527787574
R3,5,0.2721469316758088
R1,22,0.4071471232246989
R2,7,0.2848600461054833
R3,21,0.3884114779760842
R1,21,0.28635253317633047
R1,20,0.8307458559356263
R2,6,0.21011333950553013
R1,1,0.44776059343427577
R3,5,0.27501616636374016
R2,20,0.8395667111655353
R2,20,0.8143400155887535
R3,11,0.19966213072608202
R1,22,0.40127446445744863
R2,23,0.3455168012539534
R1,4,0.3312915753616428
R3,2,0.1996526551702109
R3,0,0.3595800954352887
R1,6,0.16955080979816756
R1,23,0.27396730971192984
R1,8,0.6670344045171955
R1,18,0.6154678039127705
R1,15,0.38424137981046347
R2,7,0.3417191872630835
R2,16,0.3819631782099848
R1,6,0.22017505281984198
R3,12,0.1095562546993373
R3,11,0.42409360893767634
R1,9,0.631734000084145
R3,16,0.35852229218352016
R2,10,0.7425897919900142
R1,7,0.46581055305956354
R1,14,0.13647512787856317
R1,11,0.31714570488741434
R1,6,0.1458417013431335
R3,7,0.11415238100761141
R3,1,0.1503397537248055
R2,23,0.23569795429537105
R3,11,0.16781413075369822
R2,23,0.12199331202766875
R3,12,0.18422245013773467
R3,0,0.11643371908746675
R3,23,0.10585845778130919
R3,6,0.17874288025782167
R3,22,0.42912247503123
R3,2,0.10960096153953086
R3,8,1.0
R3,18,0.7775714881813156
R2,22,0.4479858467191703
R3,17,0.9747712634908922
R1,10,0.7448289891280812
R2,9,0.7391383476722008
R3,7,0.2026903445789044
R2,10,0.8608342147638972
R1,12,0.11428475853993461
R3,19,0.8726415926629518
R1,11,0.3893992076010414
R2,0,0.47213999616717595
R2,10,0.6757830694539172
R1,18,0.6262636001329267
R2,11,0.18117215542859208
R2,22,0.3225564486331654
R3,20,0.7444163274462466
R3,23,0.4986738336551021
R2,16,0.27409237735672143
R3,20,1.0
R3,12,0.40045899351183634
R3,5,0.4084092734877305
R3,11,0.1972959734061381
R3,4,0.4432813886538035
R2,9,0.9449233756568582
R1,7,0.4309098169543176
R2,23,0.4606761727234293
R2,5,0.3758459233703123
R3,8,1.0
R2,14,0.12904182812065326
R3,13,0.30826951989339335
R3,18,0.9922618357514212
R1,8,0.6810536939690396
R1,11,0.32456478499054564
R2,17,0.8314853625030298
R2,5,0.49599896290552703
R1,7,0.12668163939836058
R1,0,0.19717707685769037
R1,15,0.4872930597700317
R2,18,0.8900250731948538
R3,16,0.4668759599460406
R1,21,0.2701520780759423
R1,4,0.11062739560007073
R3,0,0.4560678759037635
R3,8,0.8736327558743298
R1,11,0.3084656254794727
R2,21,0.4454308109825187
R3,0,0.4355098704133097
R2,6,0.4752924363367479
R3,10,0.8698637381471008
R1,15,0.2889982228855897
R1,2,0.21524345345641382
R3,13,0.4234252776617631
R1,10,0.6216244275654256
R3,4,0.23260453560519945
R1,17,0.845548223424555
R1,7,0.2689526872815969
R1,14,0.1287814376627625
R3,1,0.36386840009401666
R2,8,0.6993219545463405
R2,7,0.27542287091637535
R2,17,0.9664288665682047
R3,22,0.3616975014214783
R2,19,0.8583780916242716
R1,11,0.47761260925786564
R2,2,0.3441180437720366
R2,13,0.46294122677522676
R3,14,0.18761458141330634
R3,10,0.9515897667721074
R3,17,0.8131311597240589
R2,11,0.4485158760005733
R3,0,0.4649122162310133
R3,11,0.12381210932854754
R2,11,0.46501043271209264
R3,8,0.9241943806201934
R2,14,0.13551198100656717
R3,6,0.49490746313665224
R3,6,0.22838114968010542
R1,2,0.3361889030567905
R3,18,0.983245579551708
R2,2,0.4088599800183914
R3,16,0.16154928786029102
R1,8,0.6535205445433333
R3,21,0.36232414639200894
R2,14,0.3930063370133823
R2,2,0.2649987661757632
R3,16,0.14355805381863457
R1,14,0.46481955453548174
R2,13,0.11977392394360367
R3,2,0.18704072972117403
R3,10,1.0
R3,19,0.8255528318710121
R2,8,0.9459166401887649
R3,15,0.4526962686533126
R1,10,0.7643795239029223
R1,5,0.3876659197988057
R2,0,0.3007312743018843
R1,18,0.9009463430033964
R1,1,0.48235200690499336
R2,9,0.9401235925639339
R2,4,0.3185611677539545
R3,20,0.9994864930247546
R3,22,0.4709663451542734
R3,22,0.328017174194873
R3,4,0.3376251698144148
R2,3,0.4538257656597787
R3,23,0.11301319514781377
R1,11,0.3363768019784217
R2,0,0.27306594402060347
R2,3,0.11380487874285944
R1,23,0.12414536459859882
R3,2,0.21887309188671927
R2,20,0.9615566417100332
R3,21,0.24081129277345845
R2,9,0.8278501995728518
R1,10,0.9434985618640973
R2,18,0.8707077788623228
R2,17,0.7309439817280015
R1,9,0.8332793554261205
R3,2,0.18276447481783165
R1,17,0.6534409114243765
R2,9,0.92209632805389
R2,16,0.2635343174485085
R2,9,0.7345783707411648
R3,7,0.2706389324334464
R1,0,0.16774828702897604
R2,17,0.7540826887616137
R2,22,0.4156459023368245
R1,9,0.9861878279547812
R3,13,0.1823190096552664
R1,23,0.3471035517327742
R3,3,0.3275417867905073
R3,7,0.1369194083640328
R2,4,0.38492792108515694
R1,12,0.4853902455034753
R3,11,0.4352126154663952
R3,12,0.3324733351808994
R1,20,0.8816351701755281
R3,23,0.32185711018452023
R2,3,0.2647589790200474
R1,15,0.1772117460466256
R1,6,0.13681795826378862
R3,13,0.11638794306316479
R2,2,0.13485490244190623
R3,16,0.33597263142526035
R2,9,0.6875971828309722
R1,2,0.4729418002156257
R2,3,0.44137700069123775
R2,18,0.8357626444178731
R1,18,0.8902317094789558
R1,11,0.38609852320457416
R1,22,0.3684003903770041
R3,22,0.4844560379355386
R1,16,0.1457140792687518
R3,12,0.34553336178171723
R3,15,0.4500739111220481
R3,16,0.1438844779867203
R2,12,0.32700912989051134
R3,8,0.7759581908721245
R2,17,0.6262555017847263
R1,4,0.364691489184514
R1,14,0.29244050348467365
R2,9,0.7957683932263591
R3,5,0.45179415366489806
R2,20,0.6395564629029943
R1,1,0.2836644746601434
R3,7,0.47544030382297076
R2,21,0.29175437651958136
R3,3,0.4356409929026962
R1,3,0.21217755851384648
R2,13,0.3494443556298569
R3,10,1.0
R3,23,0.32556905886493237
R1,16,0.16776111744896643
R2,8,0.9583811330540788
R3,16,0.4719326390226325
R1,10,0.9741425168439984
R2,22,0.2778610097978057
R2,13,0.15789218500576374
R2,16,0.4511331998270163
R3,23,0.3302742367434318
R2,5,0.18723183196794244
R3,12,0.2941748653057393
R2,16,0.14706104107487494
R2,11,0.4612901937731656
R3,9,0.7396247303404715
R2,21,0.3862787460317987
R3,22,0.45258501898597914
R3,17,0.9621279824977349
R2,18,0.8885413437828553
R2,15,0.34872083030888446
R2,18,0.7605484648908829
R3,4,0.14122438609735696
R2,21,0.19234819271878756
R2,15,0.47253117780101384
R2,11,0.12804977825854402
R3,12,0.3971083976954658
R1,20,0.633138204565441
R3,0,0.44059659965508113
R3,23,0.2167409897717917
R1,8,0.6183895676647265
R3,12,0.4135120829363075
R2,14,0.4859595980803868
R2,4,0.17188416717852567
R3,3,0.25680764007546736
R1,6,0.4506570550933283
R1,16,0.2331417573694919
R2,3,0.337823582564878
R2,13,0.21382073572941876
R1,11,0.481385969538323
R1,23,0.3857213967363947
R2,7,0.3176787252436138
R1,17,0.9258283931002231
R3,18,1.0
R2,2,0.19322970728569944
R3,1,0.4498419601422011
R1,13,0.42184819445862076
R2,21,0.2291356218032352
R2,16,0.3340480861402445
R1,14,0.3919840280716548
R1,7,0.36478060822088865
R2,21,0.43280307114226046
R3,21,0.28954850832300033
R2,18,0.7957778785832244
R2,23,0.2848843889984115
R3,10,0.7430033051423998
R3,8,0.8448871271769169
R2,16,0.10297395395341793
R2,10,0.8230026952154342
R1,1,0.4391637572407454
R3,19,0.6910442026867553
R2,4,0.31220592155035176
R1,16,0.39515528723708726
R1,22,0.24636605481254598
R2,18,0.7536291509142148
R3,17,0.8830196901715963
R1,17,0.7148860304034982
R3,0,0.31224221744935354
R2,10,0.6540546962796215
R3,21,0.2896188524890582
R2,13,0.13665191195854912
R2,21,0.476760515488047
R1,18,0.7730995708840069
R3,13,0.2562562640756841
R1,2,0.4298642104829048
R3,1,0.44005264653881004
R2,8,0.9402461380341962
R3,0,0.1644237472616712
R2,9,0.694418835239383
R2,20,0.8863236248649898
R3,15,0.3680921573367816
R2,0,0.14766063043271038
R1,8,0.7742786566046028
R2,9,0.8298884460418786
R1,13,0.2639898895954559
R2,13,0.2707110548122118
R2,20,0.7348793552264257
R1,11,0.30261615599377123
R2,7,0.35530304495213527
R2,13,0.36916158393938947
R3,7,0.34697882837348293
R2,8,0.7070044612167337
R1,21,0.19977876301157244
R3,1,0.4281039458381245
R3,9,0.8623272266847276
R1,16,0.48544574052978695
R1,2,0.4039106199467991
R3,11,0.44418920936947603
R1,2,0.3620638494143722
R1,20,0.6921844252048976
R1,14,0.40172679333873695
R2,2,0.3818176502131132
R2,10,0.863646060008799
R1,5,0.22574786172443148
R1,13,0.19851188087745752
R1,8,0.6605920709306713
R2,5,0.3460540849346979
R1,7,0.18508819314850633
R3,4,0.40769059765680227
R2,15,0.1331421225837783
R1,3,0.25663160266187945
R2,13,0.13455576472723718
R2,22,0.4215199920701451
R3,20,0.9206470166912413
R3,7,0.3947467059953865
R2,17,0.7787717190290416
R1,0,0.37829316020213466
R2,11,0.11763936303993901
R3,22,0.43617370948615075
R1,22,0.11565844295546523
R2,9,0.6634356437194546
R1,4,0.3482226392329293
R2,2,0.1638267660078292
R1,19,0.7935080182341995
R1,17,0.7776385207428247
R3,8,0.8727162802586448
R1,16,0.3190655299042383
R3,22,0.46470840979326267
R1,18,0.8478041661744562
R2,7,0.3514683049050701
R2,10,0.8148000972322768
R3,13,0.24945025197285353
R2,16,0.47093278114624426
R2,13,0.16322050009407868
R1,2,0.2754676945577524
R1,13,0.14978112050760395
R2,7,0.46650890414627144
R3,14,0.22027730296638084
R3,18,1.0
R1,12,0.2924019843894501
R1,2,0.13765295502199093
R1,8,0.9847596061346852
R2,7,0.2546139785157367
R3,19,0.8472334298341118
R2,16,0.1498201931331603
R3,23,0.2197094629762869
R3,7,0.31592183653520156
R1,6,0.2554898924972734
R1,6,0.31664161320807627
R2,0,0.4873134618579791
R1,23,0.10888713779147859
R1,15,0.2335107986457311
R2,9,0.643681089686366
R2,21,0.4995478588724992
R1,7,0.12724820023335856
R2,3,0.22464284879233684
R2,3,0.3744183097018503
R3,14,0.1464075885381298
R1,4,0.16432177795044262
R3,20,0.9485737459581425
R2,3,0.3180563777694999
R1,11,0.32131937006849354
R2,3,0.35524129834099993
R1,19,0.9107305470319381
R1,10,0.8375900445598474
R2,3,0.14743696858871003
R2,14,0.3990632001655714
R1,13,0.14965506332794576
R2,18,0.6830119677548973
R1,4,0.27772645060836143
R1,15,0.355790040667861
R3,0,0.4607665931885081
R1,14,0.248070615085624
R2,1,0.4338095221020454
R2,7,0.2681721930474543
R2,17,0.7233299856809635
R1,5,0.4932264673783028
R2,18,0.9005133672880509
R1,8,0.9647952390093907
R2,16,0.4836700248177187
R2,8,0.7948834799803228
R3,7,0.31429192104681314
R3,14,0.4219842248614021
R3,16,0.24523346347857242
R1,0,0.3555810399276138
R3,22,0.4858896233546486
R3,22,0.19349923609479527
R1,19,0.6801771505592289
R2,14,0.22989615990893175
R1,10,0.9182256059249512
R1,16,0.4045352933360028
R3,23,0.3554939079490004
R2,6,0.23705124931902813
R1,17,0.7306484855345923
R3,18,0.8801504836279866
R1,12,0.2954672990579813
R2,15,0.24418038975553547
R3,11,0.46901837522116685
R2,10,0.6957663203055886
R3,22,0.2898596694336782
R2,15,0.1375330084213606
R1,20,0.6633511693179347
R1,23,0.44561758209610325
R1,11,0.422483939107707
R3,1,0.31072950202262906
R3,2,0.2543941977958587
R2,19,0.846266870242906
R1,10,0.9753260518264525
R3,16,0.10362751930471568
R1,21,0.40894349915619166
R1,22,0.44546046729877087
R1,11,0.38009448137477875
R3,0,0.33408891033248933
R3,9,1.0
R1,13,0.3401508137068663
R1,6,0.3219145392103322
R3,19,0.8908218779638385
R2,1,0.31871368865716
R3,22,0.38005796448621243
R3,7,0.11614711800517862
R2,18,0.8092394105624997
R3,4,0.4309848133468478
R2,10,0.7432707552429008
R2,19,0.9705280708880942
R3,15,0.417406611774766
R1,9,0.957787080869973
R3,10,0.7743953010090486
R1,20,0.9318990869127771
R1,0,0.3589869835567907
R2,15,0.2834114852649564
R3,1,0.3139353070327243
R2,9,0.9444281869853965
R2,2,0.4609865505681222
R2,22,0.3336390551496048
R1,8,0.626392890376263
R1,5,0.28492564697680783
R3,16,0.33804725582210804
R2,13,0.4876294619641369
R3,18,0.693203166839379
R2,3,0.49765867138412345
R3,13,0.22244543106350778
R2,12,0.1432724097332609
R3,23,0.3638186614251454
R2,6,0.10350779208943597
R3,20,1.0
R3,21,0.340458917630456
R2,8,0.8100521211193822
R2,19,0.9851574139504347
R2,2,0.3389018742593112
R2,20,0.7916051387106665
R3,16,0.12170694169202273
R2,1,0.28931776712968393
R2,9,0.8581028043959298
R2,15,0.3795227746708163
R2,6,0.1280934038455322
R2,3,0.22498849244016061
R1,18,0.6696206866503328
R2,4,0.13948146066950287
R3,13,0.263818483517846
R1,12,0.41918377584546274
R3,3,0.10597441994183257
R2,16,0.26628657067485395
R3,10,0.7246842381411237
R2,5,0.47252114926956656
R2,2,0.47691111316129686
R1,21,0.29834558493454777
R2,5,0.4356815907414978
R2,19,0.6814005493560695
R1,15,0.2507335756366208
R2,4,0.4569288722575593
R2,1,0.18902419003529425
R2,16,0.13211782605150202
R2,17,0.9057696252704289
R3,13,0.47964109306774905
R1,22,0.3467974285708483
R2,22,0.2291160671426411
R1,20,0.9884982516837176
R2,22,0.23930478800441182
R2,22,0.13916075688074528
R2,1,0.38973424032717185
R3,11,0.38380797967112645
R2,19,0.8913663113003718
R1,2,0.11311911187497824
R1,13,0.1421332735393154
R2,13,0.4674417489692332
R2,10,0.8265610128464391
R1,19,0.6372843125773509
R3,12,0.16068898542872256
R2,15,0.42176862138177984
R1,4,0.36256946938462997
R3,16,0.19768547134180225
R2,11,0.47154264492961107
R1,21,0.3806799819400498
R1,13,0.4650050510216335
R2,3,0.1550730259077515
R1,22,0.38240877902925463
R1,8,0.8345880330220552
R2,6,0.20997865153571804
R3,22,0.16614445343703257
R2,0,0.342535516606313
R2,19,0.7276725107271613
R3,15,0.13174918482616246
R3,20,0.883140820374965
R1,5,0.23919540553964774
R2,22,0.3541140210740209
R3,21,0.1144362621886947
R3,18,0.8676522122058435
R2,7,0.11130230747865691
R3,2,0.3105907283170555
R2,2,0.11844892053452916
R3,6,0.2991101939160685
R2,3,0.26432213200250276
R2,21,0.45236102156549773
R2,13,0.1650627887160942
R1,8,0.8686405185020396
R3,16,0.28743549892885556
R3,4,0.15822758978727275
R2,12,0.3812471644637523
R2,5,0.341193272230336
R1,17,0.8003392618341708
R1,4,0.20345042655776824
R2,0,0.2331443976759586
R3,22,0.41759210226516275
R3,11,0.14150902935930174
R1,6,0.3782863655465948
R2,0,0.2037008594699958
R2,4,0.2625997624822558
R1,4,0.13498726123417681
R3,23,0.29452765550001014
R1,21,0.3290932402312552
R1,4,0.492977350414068
R3,15,0.1458880859763157
R3,0,0.19877392594727486
R3,23,0.4494964060508734
R3,6,0.31870226145481634
R2,1,0.3165462712313991
R1,15,0.16355289083897376
R1,20,0.6832984770056313
R2,10,0.939996845667064
R1,1,0.17073799578915155
R1,20,0.6325620401339925
R1,15,0.21480359428960952
R2,4,0.38571794345958377
R2,20,0.7150749988917071
R2,22,0.23907125066899115
R1,14,0.27953391196795596
R1,11,0.16319625249132957
R1,15,0.2491195500025341
R3,10,1.0
R2,13,0.3327370923759613
R3,7,0.4271302872014269
R3,15,0.48897947457931323
R2,14,0.3046353231705563
R1,14,0.3055154291800395
R3,21,0.18282936748591372
R1,7,0.42635170325990845
R1,9,0.775149867966127
R3,11,0.13965320281916963
R2,3,0.32788720278906414
R2,12,0.43591688687945007
R1,21,0.10921784839072908
R3,18,0.831765833097694
R3,4,0.1049202730065137
R1,13,0.2759913892185597
R1,15,0.3592834159884678
R3,4,0.12076259032508091
R1,12,0.32569482095463054
R1,6,0.16718571141332728
R2,17,0.7730726102868251
R3,7,0.4593909551291053
R2,1,0.36051927621392854
R3,10,0.6804661897923676
R1,12,0.4763574837945812
R2,18,0.8152043965090157
R3,15,0.28986959222996656
R1,10,0.9168246921896769
R1,3,0.2776944937668451
R3,4,0.273193544188021
R3,20,0.6909320741604458
R2,6,0.3842490366555219
R1,9,0.7943745451714572
R1,19,0.6146962924562049
R2,9,0.6024310540437002
R3,14,0.3756636130788956
R2,16,0.11301503095278194
R3,20,0.6798666690250974
R1,15,0.42429959675505347
R3,18,0.6725864756384778
R1,15,0.3674313025612048
R1,4,0.44838303948110303
R3,19,0.9173828512455446
R1,11,0.3270607503541357
R1,21,0.1751340885890716
R2,14,0.2754463868361978
R3,6,0.22587269678107363
R3,0,0.13170307668260436
R2,18,0.8618504764213422
R2,8,0.9228806442173141
R3,5,0.35361671778111403
R1,9,0.7245053747948094
R1,15,0.27878471129736637
R1,4,0.1560163196835861
R2,17,0.7510812476588652
R1,19,0.8224307380436068
R2,12,0.4469478613265391
R1,15,0.2846224504093394
R2,21,0.3199608772545518
R1,14,0.19716436296774173
R2,17,0.7853193565099279
R1,3,0.40038715774084177
R1,16,0.35168029579966287
R1,1,0.20391663140289748
R3,15,0.41847380413127555
R3,3,0.13758292036489236
R2,23,0.3288363597250895
R3,5,0.2019424201402806
R2,16,0.27573676564738625
R2,14,0.356273572634065
R2,7,0.42998896957955934
R2,10,0.7901467370021859
R3,16,0.10061023554813522
R2,13,0.3575984111161469
R2,0,0.4546065509128683
R2,1,0.24903369841486622
R1,15,0.20209914155516848
R1,18,0.9008014662356483
R1,20,0.8839761019239989
R2,13,0.2453182762497388
R3,1,0.3748305630893717
R3,17,0.9493849935421556
R2,17,0.9304310651075813
R2,23,0.4181286651811362
R2,10,0.7461358640029243
R2,8,0.620931278504493
R1,11,0.39195382321156047
R3,9,0.729767258008753
R1,3,0.2720908929774529
R2,9,0.9503252578819683
R3,15,0.10117220690349704
R1,23,0.31155285570722246
R1,16,0.26851293560871703
R2,8,0.8551013078192704
R1,21,0.3206486649953212
R2,22,0.17652444552993907
R1,14,0.12311344505109899
R3,8,0.9277157850558613
R1,21,0.29998163540511813
R2,11,0.27152643756154593
R3,0,0.4049967685154999
R2,3,0.4081223724455656
R1,12,0.3275145784494905
R3,4,0.14860620021512938
R3,23,0.12815429539942907
R1,20,0.7771901894124361
R3,22,0.27924003274616227
R3,10,1.0
R1,3,0.3479841509400068
R2,7,0.19913945269554706
R2,19,0.8456978342025607
R2,12,0.14820046554592917
R3,13,0.49649279724251116
R3,2,0.4341203021495367
R2,1,0.2762507294041988
R3,17,0.7143915986706332
R3,9,0.8221202676315668
R2,10,0.7724406762067509
R2,21,0.4270915775201205
R1,15,0.11111382702590161
R1,9,0.9122278223648359
R1,4,0.22269212972086297
R2,16,0.1482751650928149
R1,8,0.8843711851088605
R2,19,0.9035268660381559
R2,22,0.42910826628288634
R3,2,0.21910956575103288
R3,16,0.4080962803425695
R3,2,0.44561382300243246
R2,0,0.46485990438170466
R3,19,0.8383440121508177
R1,13,0.11523627608706373
R2,3,0.17367041451521736
R2,12,0.38304850109598854
R2,3,0.3590373156584832
R2,14,0.31582975440457894
R1,21,0.4807130431984372
R1,4,0.3202425745411649
R3,15,0.38280579029501527
R2,13,0.2708773899818734
R3,15,0.15786652870326848
R1,20,0.9076296648304573
R1,19,0.7696565961634444
R3,4,0.10872660070154155
R1,9,0.6891634936479362
R3,5,0.12878989367883756
R1,2,0.4947749718486397
R3,4,0.16910216338792716
R2,4,0.3257421757908832
R3,14,0.4934534946641437
R2,23,0.1375002073140749
R2,20,0.842010843097508
R3,18,1.0
R2,14,0.43186014154238406
R3,8,0.8644091021082813
R2,2,0.24664401775646724
R3,21,0.2565521333503269
R2,7,0.27321994229095325
R3,20,0.9571051905819663
R1,19,0.6209984792686438
R2,22,0.13991179463485526
R1,19,0.7141915482671205
R1,5,0.13425835672668815
R3,19,0.8796806164115961
R1,13,0.4516551564549134
R1,17,0.798233271251686
R2,23,0.2914903995064222
R1,12,0.303173172514153
R2,22,0.3804994567308695
R2,23,0.41504562965525305
R2,1,0.19853372604345637
R2,12,0.33908874159765656
R1,11,0.37072614247860947
R3,1,0.12887130243930012
R3,12,0.356263792690216
R2,7,0.2400122387979886
R1,8,0.8943211778487594
R2,20,0.9884729158264487
R2,8,0.978963360103519
R2,5,0.22773294408043154
R2,9,0.9736479532119857
R1,23,0.32470783815998644
R2,21,0.4835572962121174
R2,19,0.6750103242013694
R3,0,0.36863828452504366
R1,16,0.22753739524026534
R2,16,0.4462612939207786
R1,15,0.36217056997510144
R2,16,0.2752047722258444
R3,16,0.3858833443362729
R2,13,0.43632704443914627
R3,21,0.41570656598310196
R1,3,0.4830976786822718
R3,8,1.0
R2,4,0.17043337445365672
R1,15,0.17068283266128592
R3,11,0.2029945429925374
R1,1,0.39621694847537337
R2,14,0.26337008615800694
R1,17,0.8785373373048359
R2,12,0.4126707086134088
R3,6,0.39254013481341654
R1,15,0.3802050802712207
R1,19,0.6939221272629794
R2,5,0.26740909087673226
R2,7,0.4601140411178294
R1,11,0.41882451825286404
R1,18,0.9440436343321434
R3,15,0.1860696807215971
R3,22,0.31282132737014323
R1,22,0.21248693366946192
R3,17,1.0
R3,6,0.3245801664052697
R2,23,0.14742099272831474
R3,6,0.486794873963431
R2,6,0.3646823880493322
R1,9,0.7405068311908383
R2,5,0.10657993725692015
R2,11,0.4881934371649884
R1,23,0.11524486424608385
R1,21,0.164733527152313
R2,23,0.2774842563455182
R1,15,0.3408639643502537
R3,15,0.3712224395617777
R2,7,0.2570177328454126
R1,19,0.7389743885544372
R3,2,0.3715927298347663
R2,2,0.28054110435584106
R3,6,0.3919971969422814
R1,22,0.20706493336674392
R1,4,0.4460844113285215
R2,0,0.13752521672305804
R2,18,0.8292962165288017
R3,20,0.6806962424448861
R3,14,0.21747969525321276
R1,6,0.3518759004111295
R2,18,0.9871583995690735
R1,23,0.16345273772053315
R3,18,0.9972641952020439
R1,0,0.2824942614176563
R1,15,0.1739728334451277
R1,8,0.9011138404367869
R2,20,0.6156854396482456
R1,16,0.2507774060403688
R3,22,0.20500621685445752
R2,21,0.17055473247641842
R3,9,1.0
R1,3,0.3371978218686023
R2,19,0.7294463294443404
R1,5,0.19359590769087573
R1,13,0.38054090060219237
R2,0,0.18046930145571438
R2,16,0.41180200702802827
R1,0,0.49680783517999305
R1,11,0.14958026384198264
R3,4,0.29430664655952665
R3,19,0.7032624351601175
R2,4,0.11582329993656876
R3,11,0.1339044416778896
R2,22,0.10384545667374262
R3,11,0.21986926368189247
R3,13,0.36806513991572
R3,8,0.8093545321617247
R2,6,0.1554843825687153
R3,10,0.8288850824845612
R1,20,0.8675367369089366
R3,7,0.18015687200473943
R2,20,0.8533366745907661
R1,1,0.3146673951713894
R3,9,0.9265668771993073
R1,13,0.43483259795096507
R2,9,0.6742423284552016
R1,22,0.1540941987896398
R3,9,0.8516126305950545
R1,0,0.20965823237570516
R1,16,0.3198178067461669
R2,16,0.398475738026731
R3,9,0.7027378980329827
R2,15,0.4638928015209359
R2,16,0.4756545046241598
R1,2,0.37346587536915654
R1,11,0.4924667503781991
R1,21,0.25278168848051663
R2,22,0.39028312839769086
R3,10,0.6662397613786117
R1,5,0.39597608987658617
R1,11,0.23599620945897326
R3,7,0.32064999520671666
R3,14,0.23498268846990272
R2,4,0.30690201735585904
R1,20,0.7665031095914037
R1,4,0.48753814230495474
R2,2,0.23024125242257926
R3,5,0.3925266274883764
R1,0,0.24749484683354672
R3,20,0.8842898351427884
R1,3,0.21545474645733043
R2,17,0.6242724028251895
R1,2,0.4869035958052965
R2,19,0.7588734527200811
R3,8,0.8796744648795694
R3,10,1.0
R2,15,0.14071341533423878
R1,6,0.11373550294000641
R2,2,0.3240547929622106
R1,11,0.3369311594786294
R3,11,0.4436591810167867
R3,14,0.36172759712330094
R2,21,0.17821034565980765
R2,8,0.8190830052001499
R3,14,0.15973595572493615
R3,13,0.26742466872166715
R1,11,0.31570001954579163
R1,21,0.4607487011442958
R1,11,0.31106742229233564
R2,13,0.32879342402923584
R1,4,0.26209846422940497
R3,9,0.6650276779736054
R3,6,0.10945803143637473
R3,22,0.3035153160673304
R3,6,0.40475666343963834
R1,6,0.3514457963442308
R3,6,0.129197535612121
R2,13,0.283700338057241
R1,17,0.8816462976872279
R2,10,0.6400405778564681
R1,0,0.147196999160919
R1,16,0.4863385332426079
R3,2,0.37243229344663253
R2,3,0.482586620990027
R3,22,0.35525077836865226
R1,13,0.2655501021977035
R1,16,0.1968566894609002
R1,13,0.14746587000393602
R2,15,0.27791974013844906
R2,16,0.4757356991160612
R1,5,0.31813697987908995
R3,14,0.2603815992231523
R3,11,0.4013863257062923
R3,19,0.805370467879491
R3,6,0.11026983568347055
R2,19,0.7778958070514763
R3,17,0.7838896963387135
R3,21,0.16680697710851003
R1,10,0.8718436940935863
R1,6,0.3788399969397498
R2,18,0.8618083076405956
R3,2,0.4495687231575821
R2,5,0.21861750207918562
R2,8,0.6372343806983695
R3,19,1.0
R1,5,0.1810244197172863
R2,6,0.1415347845557595
R1,19,0.6507154872741145
R3,22,0.39586468124292495
R1,21,0.4409880626638818
R3,13,0.17437687161262433
R1,12,0.361158157951769
R3,14,0.13389130130844104
R2,20,0.8976364096918572
R2,18,0.9584202280605071
R1,18,0.6293786956217313
R1,18,0.9677459208967713
R2,3,0.21312959476841611
R3,2,0.14235251567140225
R2,18,0.6899437261260992
R2,9,0.6838337726178232
R1,0,0.44990488051149924
R1,17,0.9045913806253603
R2,0,0.28451210533512783
R1,23,0.3971973580858277
R3,12,0.2806996181249366
R1,15,0.2712631977448874
R3,16,0.1314401760418433
R3,2,0.2494920430064539
R3,5,0.251375958870241
R2,14,0.3961408822367025
R3,19,1.0
R3,2,0.4403322577541061
R2,1,0.41592760361182846
R2,18,0.757510058392787
R2,8,0.6305857822513111
R3,16,0.13526671112213373
R1,2,0.4354222960804054
R3,5,0.24237233587218207
R2,6,0.11952747678820433
R3,17,0.6600458779612981
R1,11,0.37817125460859713
R1,13,0.39615500401365944
R2,5,0.3885813246965296
R1,3,0.2470979211537932
R2,17,0.9562106557543397
R3,17,0.9425661468544156
R3,15,0.4157739467818865
R3,18,0.8331447087620264
R3,16,0.3665076220712332
R2,9,0.6430205110552993
R3,0,0.4033362507008442
R3,9,0.7688185674529834
R3,8,0.7086530390469403
R1,12,0.36931198930311104
R1,12,0.35567942553327203
R2,14,0.4632626317474844
R1,18,0.8025717548939192
R2,17,0.7790861527617291
R3,20,0.846143185973239
R1,14,0.11929561958641136
R1,13,0.3662688304582712
R3,2,0.3329491600202582
R2,18,0.7533588441786574
R1,12,0.2821922368805026
R1,10,0.861306637970169
R3,17,0.955776286240274
R2,3,0.14632645706210143
R3,17,0.8399810555593392
R1,18,0.9953795874379106
R3,18,0.7552147467432936
R1,15,0.2823654016980981
R2,17,0.6436626919428041
R3,4,0.21270237032695227
R3,8,1.0
R1,6,0.12841597691852416
R1,22,0.4570780414011363
R3,8,1.0
R2,15,0.2908268890657343
R2,7,0.2212766595576734
R2,9,0.7635488377333406
R2,6,0.34326760399794287
R2,7,0.28223632141782806
R3,12,0.12036962480019807
R2,10,0.8369600690387436
R2,5,0.30101603290092893
R2,12,0.12952799353186914
R1,19,0.6301401101138191
R3,9,0.7301320028714149
R1,5,0.4339479804511551
R1,20,0.6340580619105386
R2,1,0.2131147943434113
R2,12,0.115836954661179
R3,22,0.20775912082338843
R3,8,1.0
R2,10,0.6549852845789597
R1,11,0.12382757635167652
R1,2,0.28050770671598035
R2,2,0.39186495099307594
R3,20,0.8298282631551344
R3,5,0.19938392599925933
R2,7,0.2730700686258257
R1,13,0.32108028681933726
R1,14,0.2101429535323033
R3,19,0.9215827280029282
R1,16,0.32666424864675636
R3,6,0.2697903856964097
R3,22,0.3260306990163582
R3,22,0.32445699847164255
R1,5,0.15901258653246575
R2,19,0.6369560319098165
R1,4,0.13641014759130493
R1,23,0.1542939313557108
R1,14,0.43270282682379213
R2,0,0.13910211450522683
R1,18,0.6179985602250538
R3,15,0.10829607556399173
R3,21,0.3883348476347992
R1,4,0.2933439138268693
R1,21,0.29030708005878436
R1,8,0.7713454035668914
R1,4,0.2844280262578821
R3,0,0.11847846509786675
R3,20,0.6642759534745238
R3,11,0.331385470019841
R2,0,0.12852199889426769
R2,2,0.24507886829075753
R2,17,0.6581939024793544
R2,6,0.47164825048484094
R1,16,0.36067136658058696
R1,5,0.45375929260868875
R1,13,0.3801553524649366
R2,11,0.10197795811950905
R2,15,0.3589401913912851
R2,5,0.3395937000522078
R2,2,0.24816299473637674
R3,3,0.32976622698706015
R1,17,0.7798183858235215
R2,3,0.4261739516728388
R3,8,0.9123002334391228
R1,19,0.7489398050186187
R2,13,0.1742677221168915
R3,0,0.3642788028320697
R2,4,0.32416214480366695
R1,23,0.41024986270275743
R3,12,0.25034031139541046
R2,13,0.28842230961120285
R1,16,0.48624775867951264
R2,16,0.3096819629652219
R3,8,0.8226678640782633
R2,14,0.45313870849476956
R2,21,0.12001903983616531
R2,1,0.3025121175909278
R3,5,0.2315777330024957
R1,5,0.10220697981645221
R1,14,0.36296638483780164
R1,12,0.3628213536963881
R1,19,0.9232071075708201
R3,0,0.13959780120747267
R2,11,0.11674140698847282
R3,13,0.12459493170811574
R2,15,0.1742817897570762
R1,13,0.47822782035889355
R3,4,0.21567763943746457
R3,13,0.4273384986356743
R1,18,0.6566950238017779
R1,7,0.16420891302198315
R3,2,0.16576325300298922
R1,13,0.15597483924405797
R2,9,0.9412733503180555
R3,14,0.10729964414054677
R2,15,0.17294671146786156
R1,2,0.20625517508179003
R1,16,0.33119970416707717
R1,22,0.15619350092922116
R3,4,0.49398452982397323
R1,16,0.15612022476742587
R3,0,0.22084998016775909
R2,19,0.870569684778981
R2,18,0.635580302766314
R1,4,0.48828710254775454
R3,14,0.46488271653788527
R3,20,0.9919076671295652
R2,4,0.39027505612170954
R1,9,0.6687840307836155
R2,14,0.19994877638482436
R3,1,0.39671708009459583
R2,9,0.6825790093618971
R3,21,0.15171070023119904
R2,17,0.9504982982487629
R3,23,0.4555143421433673
R2,5,0.31867774991889575
R1,14,0.22032197096532477
R1,12,0.24013408244385326
R1,2,0.3223442153640774
R1,15,0.38738183726929754
R2,13,0.3688761255992321
R2,0,0.3815902410836367
R1,7,0.19500899322213058
R3,15,0.34032393567359787
R3,7,0.18012421353317248
R2,23,0.3179654902185549
R3,17,0.7305636588591766
R1,7,0.382046504134974
R1,18,0.9086048537847645
R2,3,0.1333479429404624
R2,0,0.11282746053224213
R2,1,0.32104331206518477
R2,5,0.3077677754283844
R1,9,0.8229381335716944
R1,5,0.16560130222054908
R3,10,0.9851186617554688
R2,23,0.17678885592271723
R2,19,0.6679077648767006
R1,18,0.8329466427115024
R1,17,0.7953344558550131
R3,11,0.3236686697729501
R2,16,0.4365858398364474
R3,11,0.49700308085511813
R3,11,0.29410342137012935
R1,0,0.33943198133894237
R3,15,0.4276732723215959
R2,17,0.8011709408378527
R2,9,0.6804995940822003
R3,15,0.17348558751697288
R1,1,0.1805986560964053
R1,13,0.19653317340026577
R2,23,0.33519338372133667
R3,12,0.2464022573511244
R3,21,0.3659161235194236
R2,8,0.8662082973405467
R3,12,0.12519417996677326
R2,15,0.4299108312509108
R3,22,0.29852146469096164
R2,20,0.6635729568118407
R1,3,0.12783039282559028
R3,2,0.420499033532056
R2,7,0.4690307405960259
R1,6,0.2666098573610305
R1,9,0.9495933199734081
R1,10,0.7717174861593831
R3,0,0.3094901754495967
R3,14,0.3560443199925353
R1,9,0.8921259952721925
R2,11,0.3369382659355086
R3,0,0.34449301295571877
R1,21,0.27872150950463126
R3,9,1.0
R2,18,0.9143392919864132
R2,2,0.25639270141821846
R1,17,0.9850816667607376
R2,10,0.9830321434470182
R1,2,0.3881544661779486
R3,8,0.8691291690813966
R3,1,0.44746006073993716
R3,0,0.17325231851969952
R2,19,0.6477473116277231
R1,19,0.8863433714834159
R1,10,0.6447603797126612
R3,16,0.13263531225825131
R2,1,0.23958416031696592
R1,14,0.1689999011766047
R3,6,0.4632703195576343
R3,21,0.304316750440624
R2,19,0.6966082858570484
R3,6,0.25363524073021093
R1,5,0.15971751577378215
R2,5,0.434665325597723
R2,12,0.44832105936366096
R2,17,0.628644635130557
R3,23,0.4174867452150234
R2,16,0.22417000159946232
R1,14,0.44363492326290366
R3,3,0.20466651810127
R3,3,0.4218097139813768
R3,13,0.40348627198983955
R3,2,0.2686314971550987
R3,3,0.3117359688821251
R1,15,0.19572956629347904
R1,19,0.9484130712165101
R3,23,0.3825955210782055
R3,17,0.8303667159778444
R1,3,0.3895142074503679
R3,19,0.6668045399767502
R1,18,0.7317138472793498
R3,3,0.4721388958712541
R1,11,0.46782067632674373
R1,4,0.1396177750171338
R3,17,0.7012995441401916
R2,12,0.21371531386209758
R3,10,0.705020753546537
R2,3,0.2272614759729039
R1,18,0.7045903919121979
R3,4,0.16311733561079103
R1,0,0.3299792555689157
R1,9,0.6891559228662492
R1,19,0.83782521169423
R2,17,0.9827841896439176
R1,19,0.8513302709399793
R2,12,0.11481148440948821
R3,0,0.38895695898292815
R1,13,0.4813670189583348
R3,21,0.4497292993665072
R2,5,0.3862771127065219
R2,19,0.6363123690064111
R1,21,0.46744753311211396
R3,22,0.3215261003382436
R1,13,0.21565377548986167
R2,15,0.36450251815225043
R3,21,0.21221335003378963
R3,1,0.49649266342499543
R1,6,0.395926769110969
R1,5,0.22164210810152835
R3,21,0.36088007477936246
R3,6,0.11162497737095967
R2,14,0.34604296628458664
R3,11,0.4108087635809897
R3,20,0.9240984089341293
R3,0,0.36882155670669003
R3,12,0.2539403919680908
R3,22,0.11208676548492612
R1,18,0.7420153172333718
R3,18,0.9700280330025296
R2,10,0.689382014506043
R1,15,0.12863157526265723
R3,1,0.18997863161969974
R2,8,0.6965112790455777
R2,7,0.38929458826779284
R3,12,0.20060641140556912
R2,10,0.9087515621547538
R2,0,0.2767695546924385
R1,7,0.20246144142207748
R3,5,0.16680322579837772
R1,8,0.6505729401951857
R1,20,0.871842415998397
R1,1,0.19121864175705472
R1,9,0.6855807102938934
R2,13,0.13583829122024263
R1,18,0.9995418955284845
R1,6,0.32992128814313837
R3,15,0.22756803672004577
R1,10,0.6566200524709885
R2,16,0.30406713808901487
R1,12,0.46883809377783614
R2,20,0.6542073008235059
R1,9,0.7849522515656016
R3,8,0.9228978901632422
R2,10,0.6286660578603304
R2,6,0.45438987728331826
R2,22,0.34372309891801434
R2,6,0.3078063105728013
R2,0,0.19720192624018923
R3,21,0.2176439142777197
R2,1,0.4810277473113258
R2,13,0.1404136491431973
R1,5,0.4304278916591062
R3,23,0.23664471849319418
R3,2,0.35619464497175235
R1,21,0.2627628949248404
R2,9,0.6997370212092746
R2,5,0.28024318980156826
R2,13,0.2652134921421734
R3,21,0.32721823651564297
R2,3,0.2907627828261024
R2,17,0.7311173539455254
R1,15,0.33417177356468697
R3,9,0.8509124113351076
R2,22,0.20541894253487866
R3,8,0.8231128423649475
R3,18,0.7037317741578392
R2,3,0.2371739657813782
R1,10,0.798725461735484
R3,0,0.3111352897065627
R2,22,0.443640515036394
R1,17,0.71816422998471
R2,22,0.2257138511751062
R3,14,0.17956098671120585
R2,11,0.44034096582741233
R1,2,0.11490774981937567
R2,1,0.10013623292750228
R2,10,0.7504931227630555
R1,9,0.7677842644820787
R3,0,0.4361792917766407
R1,2,0.31937017389574207
R1,12,0.1646505399986919
R2,22,0.38583475490782504
R1,0,0.4308758369559086
R1,21,0.17395704537022993
R3,5,0.22544804085306278
R1,18,0.6541701064150481
R3,3,0.22240699389767618
R2,13,0.11986340584513205
R3,10,0.8316104629239369
R3,0,0.2149177151285441
R1,22,0.3026998454040857
R1,21,0.19715938255387666
R3,9,0.9242434828595328
R3,9,0.770921561767368
R3,1,0.17495335939649684
R3,20,0.7990338992250143
R2,15,0.20802361265812955
R1,2,0.16829655773645952
R2,1,0.12182321261032994
R2,20,0.9129406335280659
R1,5,0.14239367776972145
R1,13,0.47530053918973414
R1,16,0.34811603130081514
R3,7,0.2055248099123781
R2,23,0.27783060192141673
R2,14,0.3342750781901407
R1,12,0.21786596468770647
R1,12,0.4288497750321193
R2,20,0.7342712799608341
R3,16,0.14477355448954554
R1,23,0.36509021102147066
R1,19,0.9701618647153327
R2,13,0.3756538830949844
R3,0,0.42361629258864475
R3,10,1.0
R3,10,0.8336787053878847
R2,17,0.8258217506584762
R1,15,0.23443422629588737
R1,19,0.9555985460352358
R3,11,0.4166524532572291
R2,14,0.20389452282122167
R1,19,0.8635046268820361
R1,3,0.2820620913883304
R3,22,0.48265311574986036
R3,6,0.40098002002288957
R3,17,0.9804848567188545
R1,1,0.18661302420610718
R3,16,0.22882694962382552
R1,21,0.18431284335268872
R1,22,0.1101168448206388
R3,18,0.6635297776008252
R3,3,0.3630038196925057
R2,10,0.6453792757692188
R1,14,0.32409997079960673
R2,3,0.14366195927110229
R3,5,0.3677762401243515
R3,4,0.2649428555060066
R3,10,1.0
R1,19,0.7226107625124254
R3,12,0.36656392117128545
R1,22,0.19532644842977498
R3,11,0.1395101142154629
R2,14,0.14225546677272263
R3,4,0.44683827245586816
R2,11,0.1566198834295973
R1,13,0.2533649118076105
R3,11,0.4058483901870428
R3,14,0.41480898520047893
R2,14,0.15697531245521007
R1,9,0.8107632851807144
R3,17,0.6968093488613404
R3,14,0.22380814483020506
R3,22,0.17836567698363126
R1,13,0.15350835047054928
R1,12,0.2853200631354327
R2,11,0.15435657659474744
R2,1,0.3632005590603734
R3,13,0.22007556980964674
R2,14,0.49218543036531437
R3,1,0.12782918818063516
R3,18,1.0
R3,9,0.8586814884066873
R3,13,0.4519985502946616
R3,11,0.28565882405283394
R1,6,0.1878214619279618
R3,18,0.9143373304371613
R2,10,0.6438792476861992
R2,20,0.9488572115471652
R2,17,0.7099188748396369
R2,3,0.4902312703366797
R1,2,0.31112171230316676
R1,2,0.1991406299336863
R2,20,0.8710931279912941
R3,5,0.12760297725811123
R2,19,0.9084558054214764
R2,9,0.6339578468285181
R1,18,0.6004072703906659
R2,20,0.6478567024849865
R1,11,0.26175258384923195
R1,2,0.3592599407607162
R1,16,0.2568654170481447
R1,6,0.45732745249722195
R2,0,0.30512062538810336
R2,17,0.8232411999150804
R2,17,0.6788207256878751
R3,23,0.4441069103639933
R1,21,0.12812061343656175
R2,12,0.4983490697037447
R2,2,0.2701411852338941
R2,20,0.9226806808790878
R3,14,0.25078250512665734
R2,11,0.2311115164818002
R3,16,0.2740908339109013
R2,1,0.19901670255493614
R3,1,0.4969906936984604
R1,1,0.34935726052872873
R1,12,0.3965209368013751
R3,1,0.30372227276926644
R3,12,0.30033578776528336
R1,5,0.3863814074361688
R3,10,0.7347397764464273
R1,10,0.6839583110286745
R2,22,0.2696310778527341
R3,16,0.3593610002520249
R1,5,0.2599234351489793
R1,1,0.36258175933174064
R3,7,0.39168391586238427
R3,9,1.0
R2,0,0.27517872161272333
R1,19,0.8342384060965462
R1,4,0.1715004812995512
R2,0,0.18873570736084214
R2,21,0.11187499277198763
R1,15,0.3042844995523609
R2,21,0.173186292415566
R1,13,0.2629301817624822
R2,15,0.1777409208115017
R1,3,0.43010789310104436
R3,11,0.44085462289966026
R2,18,0.8660987096523403
R2,6,0.11279358469691184
R3,3,0.2929672026137172
R1,18,0.7678976861920885
R3,3,0.1876328001470817
R3,10,0.8315029623412779
R3,19,1.0
R1,12,0.19880695856571082
R1,8,0.7577000260540665
R1,18,0.7755258490088613
R3,11,0.1330810977960001
R1,1,0.35057297652271
R2,2,0.25836406149020724
R1,4,0.12001152049276725
R1,9,0.8046200586984101
R1,14,0.12239385553371172
R3,8,0.7035714090669384
R2,7,0.2767302662720515
R2,10,0.7973002084116376
R3,18,0.7544392641275878
R3,10,0.9122745764614365
R1,7,0.3570041752525336
R3,6,0.4599554261284623
R2,4,0.20304976447138356
R3,12,0.42291459295674594
R3,21,0.1098838738397585
R3,10,1.0
R3,20,0.7487284625158287
R2,1,0.4858131474356576
R1,10,0.7623107539645979
R3,23,0.11413151111106212
R1,13,0.23745301856306678
R1,9,0.851672233145891
R3,21,0.31388846233336093
R3,19,0.7501024475298205
R2,20,0.9898339938755405
R2,18,0.7478960094775366
R3,7,0.3580447525068924
R1,8,0.8273445475150069
R1,17,0.6302873860819981
R3,12,0.14992752273998217
R3,8,0.9241257775971142
R3,20,0.8371097627196875
R2,22,0.19972808401874875
R1,11,0.35010238567588003
R3,0,0.12429430080503377
R1,14,0.11311874413655132
R3,5,0.14494415389547177
R2,3,0.4506932572072202
R1,8,0.6759599695811213
R3,12,0.3116001956061344
R2,4,0.23557484612015506
R2,2,0.24629518822585608
R3,9,0.78772583585645
R3,14,0.15719052505183578
R3,13,0.3500597982091759
R2,1,0.10335207674237595
R1,20,0.8028959960962333
R2,12,0.28016210834334015
R3,7,0.2743030350716654
R3,16,0.31418307221033387
R3,9,0.6750082343929764
R2,5,0.10715714833852248
R2,20,0.9994553625611886
R3,9,0.970731466654638
R3,2,0.4719355000275116
R3,19,0.8785446417952739
R3,1,0.3777851409916154
R3,23,0.42421803354345766
R3,1,0.47273183228947924
R1,15,0.3213033087627346
R1,22,0.23410362438265542
R3,20,0.7081532186536625
R2,16,0.193983146763365
R3,2,0.29293921816641244
R1,9,0.6428633303956027
R3,10,0.8271719520422935
R1,22,0.336630211070967
R2,3,0.17807802348445972
R1,5,0.4785350225377093
R2,18,0.6115622052453892
R1,20,0.7852355663372677
R1,18,0.8423732506562294
R1,22,0.2009679249461016
R2,15,0.45123532643972974
R3,6,0.29189687134645326
R3,8,0.6992524001808171
R1,6,0.421807729913279
R3,3,0.33960133197578013
R3,22,0.4486536482788045
R2,3,0.4955798178270008
R1,7,0.42456303433615306
R2,12,0.12319322954413336
R3,18,1.0
R2,20,0.6650045069759637
R2,3,0.11823853452052804
R2,5,0.37044954936079244
R1,11,0.24671010257734516
R2,21,0.13389234692471505
R3,20,0.7470332491884025
R1,7,0.10882289850736995
R1,21,0.29494313595880084
R3,11,0.3992449000274759
R3,8,0.8847289818359733
R1,23,0.22757195147833562
R3,14,0.24659104484557856
R3,8,1.0
R2,10,0.8184577734683396
R2,23,0.28418471659622946
R1,4,0.36426284967765854
R1,3,0.379768650070325
R2,19,0.815903750913488
R3,17,0.9172618824685024
R1,12,0.3382948645728379
R3,12,0.242328541126934
R1,22,0.3294024456480261
R2,13,0.27095436822306496
R1,22,0.14174180606002898
R2,6,0.3081504351184883
R1,20,0.6268591109206691
R2,18,0.8739217553207717
R3,14,0.4480900354534797
R2,23,0.4772006699814104
R2,15,0.3539236094413156
R1,4,0.22120142508472204
R1,13,0.4578720823646214
R2,18,0.9314212623687924
R1,4,0.2866898044673347
R1,6,0.36093482516348663
R2,13,0.28353240792475254
R3,9,0.971232925043148
R3,16,0.46338367055058405
R3,12,0.23202948943854773
R3,0,0.20462946586280706
R3,4,0.13022002646480213
R2,3,0.4710293664689963
R2,23,0.16078365571264436
R1,7,0.32687191227995893
R1,4,0.39357315645765145
R1,19,0.8904655152249306
R2,0,0.21038032053597885
R1,1,0.43497678283993
R3,1,0.11702329173208909
R2,6,0.3101089634040151
R2,5,0.28986564265230885
R1,13,0.12099168753168228
R3,21,0.49616048337685636
R3,15,0.1097737935696709
R1,22,0.12347892918959534
R2,14,0.4674682651784835
R2,13,0.16469967156530899
R2,19,0.620546480383992
R2,20,0.7581496839477114
R1,22,0.43225910745887175
R2,21,0.3852114532612996
R2,22,0.20928624531622853
R1,5,0.4558808172886841
R3,5,0.3867691105076866
R3,21,0.20841867055627783
R2,4,0.3363769285704577
R2,10,0.6793529349347058
R2,2,0.10563592022417967
R3,9,1.0
R1,9,0.6774156702387808
R2,7,0.17154962160615844
R2,14,0.19079045320088148
R1,0,0.4981507981158402
R2,4,0.19340810908508496
R1,21,0.19486987410406004
R3,8,1.0
R2,16,0.39267055980697363
R2,12,0.35452203506866975
R1,21,0.1259348636511812
R2,12,0.36197669495885243
R2,8,0.9340921831491473
R2,4,0.3925838671383698
R2,9,0.8199803001893086
R1,23,0.4984087722061661
R2,14,0.41491073321338334
R2,6,0.3159708556854129
R2,17,0.9698481299375195
R1,7,0.13394193617988456
R2,19,0.9420115280389137
R3,3,0.19727895583634655
R1,9,0.6378978532521763
R3,13,0.4397484317031891
R1,20,0.6878573524871475
R1,2,0.278350173550155
R1,10,0.6170908504237734
R3,6,0.4549668240839324
R3,5,0.28879985701181743
R2,21,0.1285126999179258
R2,6,0.25378799997570334
R3,7,0.11661722930052561
R3,11,0.19924977388931767
R1,14,0.40076456641843283
R1,15,0.16774667282478398
R2,7,0.4565248095472495
R2,14,0.25208176553290607
R1,4,0.3880265579699418
R2,18,0.8802395873786673
R2,3,0.13088403676638427
R3,23,0.11801045171338874
R1,0,0.3114228055527966
R3,12,0.16584903899518327
R2,5,0.4085765363465398
R3,2,0.17333115481802153
R1,13,0.19645874193244067
R2,19,0.8032586352009127
R3,1,0.30331617903280095
R3,7,0.4339167033683976
R1,9,0.9758829331753656
R1,16,0.28870018041410994
R1,5,0.30185559432797837
R3,5,0.23683640618788615
R2,2,0.23235546451560982
R3,8,0.7962181880636598
R1,4,0.1726201324383856
R1,22,0.31191731844228965
R3,16,0.28312119852445305
R2,10,0.6518915174754869
R1,10,0.8926653287456912
R3,6,0.18009712335775988
R1,10,0.6074881322572784
R3,17,1.0
R1,8,0.894720367401225
R3,7,0.3360791476215482
R1,21,0.34187755554066
R1,15,0.1264368643652378
R3,17,1.0
R2,0,0.42584728952289563
R3,18,1.0
R3,13,0.10243795309312267
R2,7,0.337821163004164
R3,7,0.11735271786975998
R2,9,0.8100280865236112
R1,14,0.38242452710721153
R2,9,0.7695000743768914
R2,4,0.14264259521373798
R1,1,0.4412534700920283
R3,6,0.1944381259930794
R2,17,0.8796751612444176
R3,1,0.2484133176082943
R1,23,0.4281679329524115
R1,3,0.13482682444695962
R3,16,0.20402449025682717
R1,5,0.12854780210238756
R3,20,1.0
R1,15,0.38216075892982004
R3,22,0.10192045968041392
R2,11,0.22643773170669498
R2,7,0.35407219958200864
R1,1,0.46966276573548504
R1,2,0.2877829905713365
R1,18,0.808921909123155
R2,8,0.6476233533536953
R2,5,0.4782338255840114
